nan , nan , nan , nan , nan , nan , nan , nan , nan , 
nan , nan , nan , nan , nan , nan , nan , nan , nan , 
nan , nan , nan , nan , nan , nan , nan , nan , nan , 
0.536895 , 0.536895 , 0.536895 , 0.536895 , 0.536895 , 0.536895 , 0.536895 , 0.536895 , 0.536895 , 
0.548042 , 0.548042 , 0.548042 , 0.548042 , 0.548042 , 0.548042 , 0.548042 , 0.548042 , 0.548042 , 
0.659803 , 0.659803 , 0.659803 , 0.659803 , 0.659803 , 0.659803 , 0.659803 , 0.659803 , 0.659803 , 
0.575743 , 0.575743 , 0.575743 , 0.575743 , 0.575743 , 0.575743 , 0.575743 , 0.575743 , 0.575743 , 
0.779816 , 0.779816 , 0.779816 , 0.779816 , 0.779816 , 0.779816 , 0.779816 , 0.779816 , 0.779816 , 
0.725857 , 0.725857 , 0.725857 , 0.725857 , 0.725857 , 0.725857 , 0.725857 , 0.725857 , 0.725857 , 
0.565094 , 0.565094 , 0.565094 , 0.565094 , 0.565094 , 0.565094 , 0.565094 , 0.565094 , 0.565094 , 
0.731261 , 0.731261 , 0.731261 , 0.731261 , 0.731261 , 0.731261 , 0.731261 , 0.731261 , 0.731261 , 
